<?xml version="1.0" encoding="UTF-8"?>
<project-private xmlns="http://www.netbeans.org/ns/project-private/1">
    <editor-bookmarks xmlns="http://www.netbeans.org/ns/editor-bookmarks/2" lastBookmarkId="0"/>
    <open-files xmlns="http://www.netbeans.org/ns/projectui-open-files/2">
        <group>
            <file>file:/C:/Users/Wali%20Vrock/Documents/NetBeansProjects/VMSP/src/vmsp/Signup.java</file>
            <file>file:/C:/Users/Wali%20Vrock/Documents/NetBeansProjects/VMSP/src/vmsp/S1.java</file>
            <file>file:/C:/Users/Wali%20Vrock/Documents/NetBeansProjects/VMSP/src/vmsp/L1.java</file>
            <file>file:/C:/Users/Wali%20Vrock/Documents/NetBeansProjects/VMSP/src/vmsp/VMSP.java</file>
            <file>file:/C:/Users/Wali%20Vrock/Documents/NetBeansProjects/VMSP/src/vmsp/Owner1.java</file>
            <file>file:/C:/Users/Wali%20Vrock/Documents/NetBeansProjects/VMSP/src/vmsp/Login.java</file>
            <file>file:/C:/Users/Wali%20Vrock/Documents/NetBeansProjects/VMSP/src/vmsp/Driver.java</file>
            <file>file:/C:/Users/Wali%20Vrock/Documents/NetBeansProjects/VMSP/src/vmsp/O1.java</file>
            <file>file:/C:/Users/Wali%20Vrock/Documents/NetBeansProjects/VMSP/src/vmsp/D1.java</file>
            <file>file:/C:/Users/Wali%20Vrock/Documents/NetBeansProjects/VMSP/src/vmsp/Main.java</file>
        </group>
    </open-files>
</project-private>
